sell_id;price
1099427284;626530.875
1096405886;2475610.6
1100195294;693333.56
1099827282;555827.425
1100076198;3051093.25
1090159352;2636981.9
1098987386;1514825.45
1098639040;1484668.4
1099933039;1128644.6
1099565572;560100.95
1099886384;881644.98
1099368814;412732.11
1100258220;729649.65
1100031980;1036808.9
1096128862;1088441.85
1099201856;503524.235
1100069204;849305.08
1100166212;2237895.85
1099422504;911184.56
1094044520;3891253.6
1097839332;448515.97
1098849394;4561379.25
1100089736;1687141.1
1100012500;6719798.75
1100128318;2949743
1099842916;4932068.75
1092119682;428418.12
1100214098;529604.73
1098605890;991302
1100150544;1794624.8
1100019116;6500901
1099721446;1052763.65
1100130492;396748.23
1083039490;1637400.1
1100177694;925535.13
1100062552;3211802.85
1096561646;764746.7
1099890274;1280016.7
1099057118;1358866.3
1093583786;1384620.4
1100140056;1683785.45
1099685496;1425672
1099042586;2381207.8
1098618840;1390551.65
1100095520;3743127.4
1100112830;1643697.85
1077604267;1694330.85
1097414603;717748.6
1100173040;1536889.75
1098466772;765005.85
1099881458;727132.125
1099856322;1295349.85
1083580587;723778.35
1099751676;902028.575
1094394870;665297.62
1093144596;2738971.75
1100099276;942211.18
1099408382;768858.27
1100088104;2100557.8
1047185026;1350528.8
1099870252;1246605.6
1098567252;999440.425
1085436332;410945.79
1100136230;1474073.8
1097862496;1240737.35
1099969146;6900154.5
1099976830;1602939.1
1099930109;4372158.5
1098612188;1580334.15
1095091964;5545306.5
1099783808;7692287.5
1100050570;1151886.1
1100051590;3862557.65
1099626654;5429163.75
1093763508;7398866.5
1087388048;1257166.85
1100182624;493373.78
1099345640;523312.015
1095736482;787948.5
1100156962;3544886.9
1001403361;969921.25
1100254912;2101744.55
1088721444;843792.725
1098423266;1020511
1099361748;5954828
1097911468;1030317.37
1095355398;761327.57
1092508710;2289213
1098618784;2865751.8
1100141098;1119904.25
1083735735;2588705
1100129226;1484013.05
1099874414;695845.94
1095459600;3938850.15
1098977612;481143.61
1100263286;1717732.95
1099359460;1642134.9
1099849396;2418107.35
1099741426;2911114.8
1099881014;1653834.1
1099661628;6230160
1098205732;439219.25
1096030170;720449.65
1097895200;3530148.5
1099036546;2955359.35
1100263746;1514515.25
1097562206;1133012.7
1099996760;2153801.75
1096606948;869811.85
1097338988;3417167.5
1090272306;2306945.65
1096396090;1214893.4
1100068146;1976681.85
1034145469;890609.4
1100118814;539770.525
1098511932;4236712
1098854776;5624779.5
1100044358;2931162.85
1098998202;698520.475
1099650844;1468214.7
1100119218;811471.88
1099949056;6137681.5
1100236724;3649906.75
1098391704;1016960.9
1094637690;372629.52
1093539954;1369752.3
1098017782;422947.405
1100140582;927232.85
1098776926;659551.5
1093050534;323574.98
1100193314;2130909
1100015404;3238625.4
1098163872;3124036.5
1099325458;861857.93
1091433330;1384769.5
1100214542;929760.68
1096720474;734318
1091800948;624324.7
1100140994;1355827.5
1097450658;880781
1100023524;2819302.4
1096392102;934887.33
1097681922;1509210.3
1098793174;487747.16
1089318628;1188628.8
1091196932;775513.65
1100006942;1056639.05
1100171464;1420312.2
1099438018;5671536.25
1091998274;3145476.6
1088751788;1999245.35
1098823408;709427.68
1099955174;2779304.65
1099996934;1613658.95
1099067938;1569864.95
1100110756;1592468.65
1073075616;1362117.15
1099777954;4147705.7
1099024044;1073266.65
1033486211;687071.03
1099604288;384757.31
1099514392;2508590
1096551360;538222.9
1099947966;1387898.3
1099742748;2431391
1099716406;3868600
1099530956;544856.23
1095291456;922239.625
1099219040;856599.32
1099894684;519554.95
1098792998;1268468.5
1099709106;1131228.75
1096325396;1146177.3
1098575602;659051.35
1099217802;574091.62
1100147766;2222785.6
1099526918;4198705.75
1100107714;2495143.5
1100016506;447109.7
1100207154;1128290.15
1100190494;3277005.4
1100115178;2325730.9
1099201830;881126.97
1100019112;2314028.1
1100178434;833259.65
1099096722;1182729.7
1099213222;557424.22
1100181462;2116640
1098878776;1084903.8
1100126074;766650.6
1099996800;949256.175
1099795512;720470.4
1099718646;2150254.65
1099616302;747999.18
1099983558;863135.27
1100219086;2725883.9
1100039702;619320.875
1096739576;941655.8
1098765988;1755380.35
1099608946;3489441.35
1099256536;492760.86
1094503952;1799002.9
1099589714;1382496.2
1099741186;1141790.7
1100168572;7754709.75
1095766038;1401444.65
1095814296;865581.75
1097275066;888398.905
1099850398;10037523.5
1100036468;1226579.15
1090326530;1891725.9
1098729528;900557.87
1099731574;805541.37
1098636496;826421.73
1100083460;585511.13
1099931425;1445807.15
1099591816;998777.67
1095144452;1791969.4
1100052004;4297984
1099976446;1113068.5
1099358486;2105914.5
1100035476;2523561
1100026588;609998.82
1097112168;1485517.75
1091119226;492812.19
1100011288;2175324.5
1087406218;1063690.7
1095666484;454977.12
1093389008;1356223.7
1100175770;1502587.45
1096315314;1483383.15
1097428934;2066383.6
1099679102;924688.1
1099955040;8357885.25
1099624874;1160625.45
1090410984;557226.975
1100082380;503792.81
1099659692;679682.93
1099828238;1478934.85
1095278718;447853.41
1091995140;1828378.5
1092432196;7062986.5
1099153198;1253868.05
1099427346;1718582.7
1094979108;1164978.55
1098515080;1297412.1
1098797728;464527.11
1095517382;1301206.75
1099913770;962848.57
1098668786;1478935.8
1084060647;619227.425
1099054900;816710.725
1099228048;1242587.3
1098857316;1074097.55
1099540482;7364996.25
1095807324;621927.48
1099523644;937479.75
1099617766;1452806.75
1099790664;6451569.75
1100076402;3410906.25
1098497606;3769033.7
1099852714;3034725.6
1100011490;2120949.85
1100130494;3379072.8
1099461150;4735944.25
1099719376;363551.345
1099939636;957303
1099867658;1239533.85
1098489086;2976804.85
1099121741;3943457.4
1098869652;2778892.1
1100179462;841524.2
1100163538;1287148.45
1099936831;1071244.8
1100163090;2033476.3
1099802870;549429.82
1092530058;516030.71
1099635774;1232102.7
1100087722;4059102.5
1099720124;2856279.5
1099868280;2503040.5
1100177760;949167.75
1096955344;495955.485
1100170308;4323708.75
1094940966;1002817.1
1100217490;1114347.05
1099605866;1245346.9
1100036102;1247389.35
1086522998;5161274.25
1100203314;1778391.65
1100179484;3622186.2
1098386662;2180172.4
1099668762;3606814.9
1098337796;487013.625
1100000208;720038.68
1098704214;3131297.9
1100107176;1168292.15
1100051726;1186463.9
1099902866;938067.225
1099685882;1705242.25
1089675903;1667149.25
1094124060;2358988.75
1099810908;2163696.65
1095366634;1303956.5
1097026930;989383.975
1098168148;1652221.25
1100010786;812885.475
1097587290;380451.55
1100270492;4970155.25
1097114166;2078724.5
1099946618;1833844.55
1100150116;838982.35
1099511080;2729567.5
1098515156;3335212.25
1095531026;1740276.2
1098765740;587998.25
1073210886;755921.095
1099107393;2524432.5
1099309688;691060.6
1099523410;708668.72
1098535192;456675.5
1099176970;1096305.65
1099865174;7296601.5
1093927466;1280736.4
1099404806;1320042.9
1100242104;1401181.95
1098646184;1702118.5
1099135368;2382173.85
1083881609;639124.5
1095492272;764932.63
1098214966;3012212.15
1098939698;1256079.15
1100182344;932357.65
1098445034;1984036.15
1099617840;3531275.5
1099927194;1267302.45
1096282944;1392963.7
1100021468;777471.4
1100147154;1135875
1088558518;2058853.75
1100034732;764960.08
1035065663;877083.75
1093680396;2090571.25
1098854998;838978.25
1099462314;2292662.3
1097990014;3321991.8
1100150772;2595989.85
1100203554;2307335
1099511896;2785581.3
1075513009;542766.19
1099863118;1176019.25
1085148244;1541761.45
1100191510;2536558.5
1092873364;1741963.15
1100013986;3103565
1091392286;610243.52
1100113534;1728270.85
1098709988;1135392.6
1099448120;1427446.15
1100051582;6634776
1100003758;831531.25
1071032499;951677.95
1099588946;2628259.5
1100013350;1338032.45
1096603492;9715081
1099257710;2856525.65
1099972916;1183781.7
1099413506;4369011.75
1098633064;472687.22
1092569818;585087.75
1100058386;495868.86
1098601642;1891204
1098575560;1075399.75
1100183238;3738898.9
1091532026;1683727.3
1099440478;1091039.75
1100125756;1827830.4
1095016764;2994107.4
1099930639;6511982.5
1099413360;2324277.5
1099503850;1217312.6
1099742576;631999.675
1099683160;1603429.9
1097993584;916176.58
1100147922;6440637.5
1097086556;1056341.85
1100043740;418093.25
1099950198;7523242.25
1079099432;1652701.35
1100191768;573439.25
1097839242;625467.6
1100036314;1659163.9
1099952062;2386069.85
1100147378;398123.24
1100258712;4784273.5
1100236202;1529657.15
1094472968;603699.55
1095113956;1292833.25
1099509748;3165144.5
1099639126;1876998.05
1097727582;884464.3
1100091476;768076.15
1098474948;854452.95
1100140306;1830196
1094548978;420921.8
1099348372;1075335.2
1092823804;733836.595
1096838436;965144.075
1099343868;1523556.35
1100132110;1256739.75
1100044590;1355102.5
1099807146;2109794.6
1095797968;855176.075
1095564408;631513.025
1099081422;2159734.2
1099844288;467584.99
1100204912;1375111.35
1096180580;1558367.6
1099939664;1085580.6
1099525576;2070543.2
1097370130;1869855.8
1099952534;1429038.3
1099844630;2492428.1
1100044876;754181.4
1098750288;1073144.9
1100081136;484306.39
1097877916;1441355.1
1098901418;1107993.7
1099815170;1141502.75
1099852592;2554724.6
1100010026;532182.97
1100205160;1502409.1
1097251812;3038044.85
1100136530;491228.4
1098629662;852142.15
1100157128;928907.8
1096726328;1017889.72
1098823464;659135.775
1100031984;2291044.85
1091374854;3259358
1095183024;589111.85
1099706540;1560466.45
1099787872;395519.25
1095471172;980934.655
1099839734;4177272.1
1099466484;880073.875
1099651162;705245.345
1099852656;1767710.7
1100233444;830670.68
1097456786;966325.68
1090591616;803952.17
1100235164;920070.62
1099469454;1703866.55
1098603362;443230.31
1098733762;1077653.98
1100048674;1991231.95
1100009652;4056603.6
1094239048;900218.57
1099964236;820825.12
1100193078;5584375
1098370262;1847770.8
1099126974;1880797.25
1096452366;6670908.75
1100018018;1480291.2
1100248206;2839624.15
1099980594;1238768.9
1099759590;1110589.7
1088041546;484447.835
1099990052;3862852.9
1099755750;468530.46
1096328398;875336.65
1099930417;570074.05
1096699100;1875489.3
1094054234;1532474.85
1075598379;1126181.7
1098011010;2385593.75
1100217072;2244316.65
1095493590;1003828.32
1099837072;713405.72
1100178188;1275462.55
1099602352;1353574.8
1096183138;2378256
1099322148;753077.2
1099914588;1907297.3
1100152678;2686457.15
1091361052;993005.23
1096970342;1583368.3
1094119934;1213375.95
1100044718;1796445.1
1096060494;1912836.1
1099574052;1034034.8
1099831002;556365.87
1099837116;518224.09
1100027052;2916827.35
1096599054;1252360.2
1099865228;1294605.75
1095060770;2693987
1099907244;1446961.1
1099176586;874659.05
1099988892;2849826.9
1099643236;488432.785
1090733080;1867831.75
1098770946;3849620
1099879370;2601973.65
1100238394;2666794.9
1095883220;521782.25
1099850046;482520.75
1099985602;2092474.05
1099833336;1263919.7
1099943798;805894.32
1097746312;2602701.5
1099204156;486511.045
1084457605;1206186.55
1096650962;1789286.8
1097907828;2927218.2
1094869308;418427.35
1099438020;7827789.5
1100263264;996325.88
1100018218;1465864.95
1097292860;737463.18
1099593028;2299604.25
1099445734;4617565
1099552276;1045883.3
1098601246;389131.25
35782220;458124.81
1098530414;888213.625
1100214312;448158.92
1099825836;773876.63
1099987414;1137569.5
1099534296;2022412.5
1099058776;4413226
1098996750;623827.32
1098986274;1434907
1095066024;3721781.1
1099664178;2173032.65
1100169504;1678040
1099843420;1258124.65
1100087720;5796902.75
1099737102;898283.05
1099902812;1599408.9
1100048356;1696999.3
1099115889;1023893.45
1099544374;1048533.35
1097402350;1575014.95
1097331694;764208.82
1095500116;1237900.75
1099966874;765088.56
1099207298;725940.88
1086869318;562789.12
1094300816;1492376
1090834616;515894.33
1086371664;2760527.3
1100135132;3399055.35
1100108456;1168311.3
1099843806;1417077.05
1100012586;464305.35
1099803846;394745.595
1098510202;414554.25
1099670302;3709773.4
1099970086;1287250.95
1089258286;6157759
1099650568;669471.15
1098088054;2379362.4
1093396970;4253334
1100103040;6200495
1098166108;962118.22
1098086832;966370.75
1100194940;1038608.63
1098309544;6994189.25
1097206296;1516247.15
1095236030;1352770.4
1099484752;1864352.05
1100061448;601381.7
1100207148;1406330.7
1100083890;1327725.3
1100126800;2314641.6
1098985836;3207290.1
1084515633;709460.905
1099893346;1695494
1095866698;1949158.4
1099945076;439717.03
1100037280;1475175.65
1083142112;708574.05
1100018166;2365111.85
1092745716;5808479.75
1100210370;1761992.75
1100151434;1883190.05
1087561872;524352.925
1100063080;1559872.1
1098328640;1868051.8
1100049014;1286271.7
1099804926;1061238.7
1089402264;776289.55
1100098300;4087808.4
1099974350;1986404.95
1098110156;2058520.7
1099967306;1483611.85
1100027108;7986272.25
1100037062;9812964.5
1100200418;3330975.3
1099790124;827386.2
1087258958;471088.68
1094740782;918150.225
1100136436;1960136.45
1099459012;2987714.75
1096853278;1034316.08
1086871502;1122574.55
1100200056;1595374.55
1096571256;1520389.2
1098335700;917130.43
1100077694;2328559.5
1100145806;3909860.75
1100255688;2075441.9
1100089244;7803915.5
1095622366;2778892.1
1099910896;853910.8
1100209806;1972144.25
1095031518;966069.94
1100263426;1313037.05
1100214626;669707.92
1100235152;1043948.675
1099784540;1597159.7
1100127398;998156.1
1100099274;1488022.3
1100186144;2607240.85
1098875506;1234157.9
1099009624;989433.02
1100108446;5177421.5
1098039720;820432.875
1099777160;2029599.55
1095980598;487963.205
1099601806;514306.2
1099585676;867787.595
1094251932;868770.95
1098743736;2499079.35
1099822104;1047066.9
1097283878;1201623.4
1088488828;2704826.5
1099617426;1006929.5
1099812128;1188491.9
1100072020;2013924.8
1098720532;8026199.5
1099986400;906621.55
1092868126;1174271.4
1099502818;3721931.8
1095364342;1291984.15
1097873826;913087.37
1099969128;1328456.55
1099159914;1215305.65
1099608984;495874.885
1100001746;873880.35
1100068728;360349.215
1098859480;1480932.3
1099142784;7478498.75
1099507574;1423730.15
1099306032;2262549
1099058406;853076.225
1099294252;624433.44
1099647988;6031595
1100063922;1391203.05
1100113274;2277862.85
1099978360;1559034.45
1099424472;515977.81
1099340738;5524450.75
1095526024;414718.47
1099853730;2680682.15
1097492158;3041384.2
1099688310;2755512.7
1098748786;983506.53
1097033772;395245.78
1098603634;5325805.75
1100115568;3609748.1
1091085798;765473.43
1098313930;820782.83
1100230028;846648.83
1099915694;468857.1
1098990688;2528269.4
1099834864;3977293.7
1097118060;794320.1
1099779706;1072964.6
1094126362;2026302.85
1099926050;1063610.55
1099895820;1783634.7
1099566634;700991.375
1095177168;926425.75
1099852604;2307683.65
1100173550;2763059
1099587572;661530.85
1098450758;1149541.25
1098712936;1575389.9
1095698600;399296.64
1093354336;857225.27
1100062006;1267330.85
1093635570;1880307.65
1100128280;2378854.2
1097981486;3360482
1097393616;1542081.7
1099496476;1208159.4
1099244432;3375445.1
1093464814;557089.7
1100150974;878556.625
1096531550;1168746.5
1093080696;6766763.75
1099708462;544266.425
1079262890;845713.825
1099756052;1414464.95
1100155822;767776.73
1099758370;900861.4
1099854192;2072937.25
1100001050;626426.62
1100143634;1424144.4
1099619840;659046.58
1100071078;839596.1
1100005320;1998618
1081250298;862366.27
1100019114;6104707.75
1099754018;714584
1099879366;836680.57
1100072054;943441.65
1099358582;909839.2
1099733246;1186790.1
1097497426;1148973.4
1092685052;1016027
1099533384;1269397.3
1098928812;929983.525
1100038162;1630930.2
1090904066;786516.25
1100062136;1030423.5
1092222596;578631.02
1093987978;1497425.65
1099978722;436138.47
1099356118;628729.5
1100052756;1502393.85
1099767270;2164845.5
1099957560;2167384
1099927836;956538.75
1100029198;3745655.15
1099308936;1193809.15
1099918736;2086060.6
1100135480;5707127.25
1096008822;1790079.8
1090553526;1265530.85
1099815058;491822.85
1080465964;481846.69
1095523788;479946.81
1099665822;597198.2
1094909690;1257845
1098084766;532177.68
1089826118;1113373.48
1098371270;3130245.65
1098140362;1939893.25
1086181444;619946.35
1095379748;1105313.3
1090510502;1622708.35
1100266526;904185.05
1100078576;956229.33
1098900090;576136.025
1098767312;676931.48
1099766750;1044290.7
1099933239;1146039.15
1100157672;1499477.15
1095782676;628779.9
1096035984;688275.5
1098011562;902743.03
1100063072;1713791.25
1099575274;1738870.85
1098704900;1143169.7
1099611176;2614798.4
1100067622;4650405.25
1099043048;1834072.55
1078412133;721176.56
1099131568;765579.45
1097030290;2068600.2
1100240976;858362.175
1099073454;544310.025
1095504642;6254183.5
1091698772;1466880.8
1099735818;1093365.9
1100051576;6689614.5
1099003996;2682982.25
1059078902;689928.63
1098653074;685568.67
1100021862;620424.25
1099764288;2219091.25
1045501974;2241542.1
1099684408;528668.76
1099967530;1317724.5
1100189840;1976442.1
1099936735;2252544.35
1100172718;1852698.8
1099534428;776768.6
1099950844;2324071.5
1099891042;1952243.45
1092673526;1097874.6
1100150954;1673739.8
1099937780;994638.25
1099933195;949487.95
1092466306;485690.325
1098719248;4644279.5
1098520886;1779707.75
1096093170;1201361.2
1091854812;2485669.15
1099474936;3710054
1099987342;2048759.3
1099832382;5541881.25
1099636158;805973.2
1100178190;1142424.25
1100034738;2500222
1096694282;2652833.1
1089536090;3711698.7
1100077604;3712506.75
1097106610;3126908.15
1099983780;2531580.5
1098040088;849190.27
1098946936;2341424.65
1099328068;722768.675
1100040074;1950198.85
1100253480;4857627.25
1096073778;4449389
1100072576;881935.55
1100114440;3099689
1100107174;1158668.35
1100134442;5476798.75
1098713744;1356331.1
1099862334;1575675.75
1099386662;1819175.65
1098145402;670123.675
1093912348;1244586.75
1097128668;1199583.65
1099400100;1084324.3
1099054080;2764581.7
1099891478;421041.5
1090880520;533536.21
1097821970;911954.33
1100200032;1774500.95
1094963248;966495
1099211524;2617133.65
1097007514;980581.4
1087402046;1044990.53
1091760078;1759760.45
1100263172;3391843.7
1092549442;345311.78
1099370864;4436978
1099486318;2465554.75
1100206318;466744.425
1100116374;1407241.25
1098490924;482975.6
1099443808;1080787.3
1099280090;2315846.15
1100034642;680362.4
1099604502;1583237.2
1100126220;1824211.35
1098369032;3395133.1
1100152834;805464.56
1100005156;1820130.1
1099091928;547919.88
1099924120;1970802.2
1099397806;879054.25
1099900606;4061646.4
1100106476;1524442.95
1099978282;500373.735
1100156228;1466869.5
1091544918;1121520.5
1096803846;909253.1
1099548146;368074.1
1100027044;1798902.2
1097891308;3012478
1099447872;2904103.9
1097170014;1053496.05
1099090936;740182.45
1093940376;1590310.7
1100125288;803352
1096544462;435945.935
1099567810;2601679.15
1099507326;392131.25
1099784092;1321395.7
1100058770;2664576.9
1099151998;1959547.95
1097904068;3035310.4
1096164556;1692431.8
1093962062;1071954.5
1099499242;1666322.4
1098045352;1538865.75
1100159684;3846805.1
1099663478;1131152.95
1099112433;484938.485
1095107948;966334.5
1100203756;1714606.15
1099539802;3440030.35
1099405066;1719355.7
1099380134;1121568.15
1091212200;895817.75
1100162942;546254.92
1099590448;953977.78
1100045588;3107336.7
1098967312;499877.17
1099960598;1125521.45
1098731592;906334.25
1099135206;535563.475
1085992596;586540.55
1099892440;2667812.4
1098763272;465356.815
1095306380;843509.38
1099940090;2541901
1083707391;1139478.75
1100026034;6624963.5
1098065418;537497.35
1098588200;1206571.5
1098530582;1393900.35
1097791398;2469140.5
1099537186;1637229.25
1099896474;1814490.95
1092741402;519253.97
1092426352;3496354.5
1099239786;1496869.75
1095952710;1322643.15
1099835020;1029946.7
1099970022;803963.73
1100129848;2572496.25
1096227314;1326896.05
1099860308;3034497.85
1100104448;798357.75
1098036398;839780.05
1100097018;3789666.35
1099109775;3758378.8
1100105838;532926.595
1099107581;2825334.85
1100132096;667031.67
1099372174;1574176.35
1099822428;486093.88
1099542002;4680517
1100098042;2354233.5
1099375888;1379862
1097743092;2297818.5
1095955238;464896.015
1085817032;1596128.3
1099852600;3123247.1
1099910226;1409429.95
1099591326;2033554.15
1100211818;5243651.5
1100187364;4045900.35
1100057740;5112839.25
1091358836;453331.63
1099546366;1849671.9
1091892100;2617211.25
1099119895;2856082.4
1098317630;2682117.7
1099908282;641911.33
1099852184;1385314.5
1099789852;5980541
1100268280;1237776.5
1099787962;1593655.9
1100099438;726440
1092779290;846986.15
1100154476;2077867.85
1100217254;1894883.85
1096483776;590546.52
1099439086;6884673.5
1095457336;1523091.9
1092704000;1419619.85
1054408750;855274.175
1094337780;866706.2
1100049970;1408706.3
1099404474;1493672.45
1086388746;2304313.65
1099631146;6657913.75
1082847416;1087755.6
1100160272;651935.13
1099258718;1035257.75
1097443468;2746369.35
1099986372;881000.92
1099528376;369779.265
1088559128;1763495.85
1100097020;6124825.5
1100035468;567180.75
1087244280;686389.72
1100245060;3098740
1100025400;775940.12
1092743558;6552805
1099915648;432822.06
1100019530;1151556.8
1096456938;1956678.7
1094464168;1454150.75
1099614212;3251478.9
1100079744;809706.8
1099828370;8316095.75
1093398004;1448547.2
1095606784;1063864.15
1100243118;614792.4
1100141480;2277177.7
1099899896;6124825.5
1099187694;3161920.15
1100063378;3359934.65
1099526906;2331153
1100271872;765388.725
1089617129;801964
1094495610;3795048
1096771796;710727.67
1099591368;1077671.8
1098865280;2476599.5
1100044128;4981485.75
1076222725;639938.15
1099852670;2401209.75
1098943720;844712.15
1099882496;2777859.25
1100166318;1540119.15
1099643124;1997057.65
1095578958;2045374.65
1099350670;1532274.55
1100013836;2782712.15
1089834198;729814.7
1099614490;977947.55
1079353814;1422309.05
1100037262;5406841.5
1097855220;1166589.55
1088906014;761703.55
1099813534;1284026.8
1099720348;972738.58
1099904748;3685544.1
1095907030;3510155.6
1099468838;2974535.85
1099982678;847908.27
1095903510;2110554.95
1099812026;1108276.45
1100203840;1460246
1091868084;1182867.4
1099413718;943219.25
1099084148;514232.405
1099843366;2653759.85
1099543128;451441.835
1100244096;793403.37
1098745800;687928.325
1100072322;847349.325
1099676632;1133244.05
1099830702;877671.25
1099953656;4850421.25
1100079474;941283.845
1099867668;1320819.55
1094974972;3105031
1100213116;1996538.7
1099707826;1344481.05
1093648738;655439.5
1100171602;670224.225
1100029090;463681.53
1100242668;1419619.85
1098557232;1600140.05
1095477274;1242374.9
1100041266;2946765.35
1100027512;1216464.5
1099774600;2999782.5
1100044574;802276
1099896008;979662.25
1099744762;1255990
1099006106;1251047.95
1095721360;383441.65
1098767222;1437961.65
1099255274;796785.3
1098292442;548833.625
1100145944;5679861
1099283574;871897.92
1098417138;783414.62
1099043708;3210665.6
1100207150;897266.63
1098844598;827009.7
1098157914;1226237
1098701100;682303.55
1099922124;5360572.25
1093310034;911389.43
1100114666;881760.775
1082153178;467779.075
1098057424;3034732.35
1100211088;1323298.15
1100048796;787576.69
1071038739;477661.28
1085572858;4525199
1099061012;346913.095
1100178656;475629.715
1099489466;1763788.4
1093183226;3286461
1089693851;552870.58
1090617210;1071412.7
1094224928;471363.81
1098712038;662977.95
1099586968;467539.5
1099961910;1043660.75
1098610460;1031895.2
1098473264;3917031.35
1097532245;526672.82
1099563480;1293958.15
1100195538;1107873.95
1099147530;1028513.05
1096403830;454888.065
1098892738;2310261.6
1099913356;964404.03
1092164912;1361713.1
1099107193;3391525.75
1090500020;596028.82
1099656058;483856.74
1098639202;1167303.45
1080697002;1271489.2
1099587376;846771.58
1099995740;1185074.4
1098041238;2817150.35
1090175842;7833343
1100121420;458075.23
1100017866;1314458
1100154434;6093827.25
1091762822;1552938.75
1099299252;1206228.45
1099904636;4890994.25
1100164272;1109762.5
1098200878;2046027.5
1098396382;6862236.5
1086706866;1000915.75
1099221650;442075.55
1099799932;814791.95
1100231308;1523186.75
1099585946;4495611.5
1096577870;683743.22
1099779644;1624400.05
1099609432;1106987.3
1097039142;855168.225
1097091198;466021.86
1092547634;4153080.6
1100145014;1199444.05
1100160134;2245793.85
1100098848;2174178.7
1091928714;1259822.8
1099148786;706258.08
1099097060;1447447.2
1095983126;2749787.65
1098936146;491757.99
1067066580;1741307.45
1099766180;2841397.5
1099176598;7112906
1098793974;2432629
1099775670;2135290.9
1092877664;5656832
1099435584;2759979.3
1093456186;1008627.12
1078023649;1294295.5
1099528916;1368720.1
1099792016;697410.05
1100054366;790713.525
1098850312;458610.86
1100218540;2687827.5
1093430702;464277.95
1100192600;1072512.5
1100072854;624630.55
1100156774;1131604.55
1097218460;571383.825
1091929956;397328.875
1096723732;3809545.6
1099461158;3154104.25
1093394566;465673.985
1097836268;1046112.85
1100115746;958410.48
1100108452;1769339.5
1098187844;3124128
1099852692;1619901.95
1093883744;3183818.75
1099427282;1170005.55
1098529834;532763.75
1098809050;1098825.75
1099867454;1026942.58
1099732480;499952.61
1092865406;869544.75
1095587384;1969818
1096548086;5053625.75
1099994292;3268558.4
1098204026;2123089
1100087796;3697925.4
1096177412;885380.025
1099576314;3423155.8
1099543510;1045099.925
1099149264;1156305.95
1098429728;417145.55
1100187562;1377819.45
1100228074;501694.5
1082190908;2613506.1
1098126592;1325674.7
1100048826;1287499.5
1097332482;1099970.95
1076274107;1610556.25
1099071930;627363.45
1092871122;866146.92
1099357334;1727965.3
1099739464;516350.98
1099425154;4658026.15
1086623094;732985.37
1097254204;1293654.75
1098763758;2441634.4
1099650956;5498107.5
1089094746;1665755.15
1098836008;1873894.8
1100171364;5462072.25
1097142086;3013974.1
1100130288;882249.3
1099858584;448205.935
1100156210;1617843.5
1099903156;320466.29
1100020436;3537846
1099416678;703226.125
1098701042;3177497.65
1100144960;980374.2
1098692012;931227.87
1098920684;3528392.5
1090386784;869036.05
1100237846;669251.83
1099165678;729658.12
1098107738;2380647.35
1096670164;1394676.25
1096994400;661181.15
1100094060;842768.8
1099680824;1403157.45
1046214250;1385509.85
1092261772;857902.82
1099886740;394836.38
1097927764;392314.89
1096234462;3357109.65
1100062382;925222.37
1099605858;475454.73
1100126026;1769452.3
1099838222;4619443.75
1099370744;1730861.65
1100233090;1321425.2
1100152446;604343.405
1096403444;1212150.7
1092570212;1585030.45
1100154288;3209973.25
1099699464;1260662.85
1099252988;548042.1
1099284116;739311.175
1100166402;1096431.7
1100050906;1090613
1099868290;1161607.3
1099815930;3140554.65
1100156630;677302.37
1100173814;1552003.9
1095895688;2238206
1098566806;354439.61
1099801106;979414.405
1071187919;1830287.4
1100272284;2189275.2
1099300028;882541.63
1099560188;1022758.325
1100119464;766969.75
1099125661;1703857.6
1096773722;407939.72
1099223998;3714571.15
1096824448;967318.905
1100084856;4665263
1100030628;2272239.85
1099277554;3279699.6
1099646504;403928.19
1098943958;7204741.5
1095213998;689814.95
1099787326;2518600.75
1055377882;587710.63
1099765912;3460014.65
1096213632;1377834.65
1095473700;2168435
1096583046;1741715.8
1100132522;1646280.65
1100142258;1302370.25
1099731368;444459.87
1099314508;1302631.9
1099899858;1634682.2
1098992224;1032593.44
1100144882;1663546.4
1096561466;965360.58
1100019208;1975946.95
1098892184;999392.63
1098919300;833970.42
1097463352;690232.67
1100084988;1659915.8
1099870356;1745372.35
1098446326;1641238.4
1094314936;1533488.1
1093124972;1023228.53
1098690892;5200959.75
1077389913;1511565.2
1099093120;377689.76
1099054212;844736.94
1096642694;1370181.75
1098545424;981201.23
1100041428;1434833.5
1098616538;2717401.6
1099595932;848239.28
1099040842;473249.91
1092527560;1296585.2
1099567388;1101705.6
1100221260;3048221.9
1097987126;624841.85
1098191996;880822.15
1095936164;1145404.6
1099730754;511659.35
1079598054;397019.63
1099392124;9074713.5
1100182914;2664717.9
1099867446;457740.205
1069003480;2672163.1
1100055360;1376360
1100024156;1366567.15
1099520102;1082660.15
1097955062;6998355.75
1100027666;525114.82
1100124010;1760733.2
1100143146;433392.815
1099081882;752442.98
1098604634;711809.45
1073072492;838746.225
1100026416;3769690.1
1100123134;1644612.95
1093167638;960606.3
1100272892;2037578
1095848478;993891.22
1099466882;2419486.4
1095578076;3181123.15
1098973478;2024234.15
1099787214;6709341.5
1092545992;2460220.1
1090945452;1207928.75
1096541216;1591885.8
1099427014;3198319.35
1082550100;1630258.45
1098860850;7280982.75
1096197958;430996.65
1099997674;2372358.2
1092597366;856605
1099329506;1009817.45
1099776878;1901398.65
1096981144;1568021
1098346654;3228435.75
1097100778;541749.25
1095354528;1068721
1093580504;880698.97
1099703496;501301.825
1100048680;1206606
1098441760;1417500.65
1098928724;784380.25
1093366320;592148.35
1100217310;742377.45
1099223866;524860.015
1099864474;904634.725
1099044552;2417910.7
1096865502;1041984
1098620498;1917936.3
1099960214;1874942.65
1095470774;1583370.25
1097007548;1476338.2
1098561242;512310.66
1099162474;542457.5
1100211722;1122412.9
1099130900;1139356.3
1100100416;1498499.75
1099720518;2917174
1079049202;710561.77
1097885942;1333161.05
1100099560;3817072.35
1099718932;2644728.9
1100246102;964057.975
1096862184;1286266.25
1099188116;4364260.25
1082541234;826803.25
1085775936;372412.85
1100188786;1051830.55
1100272816;592078.56
1099731110;1087180.9
1095327198;375607.14
1100104638;1057380.05
1097230080;895691.05
1099530596;1952477.05
1099853676;880193.77
1098838144;1268894.95
1099999572;1324631.3
1100198916;3942966
1100160892;341034.07
1098313592;532868.6
1100088474;2481705.35
1098602808;642508.93
1099417610;806629
1099521370;378204.03
1094125700;876884.3
1087133539;798245.5
1100067160;1701506.75
1087417490;358575.89
1099488850;1195199.8
1099766138;618310.3
1099957968;445441.285
1096938618;2953461.9
1087158371;1875196.65
1098852646;3271362.75
1100070628;1192546
1096253210;546308.845
1099528006;2179777.35
1098947524;1560600.35
1099852634;1868939.4
1095171892;2095884.75
1100139418;4581049.75
1096927266;691320.1
1099949514;726031.8
1078110773;432225.46
1099877130;2467637
1098686574;396969.845
1066576826;339716.485
1099934553;1991887.7
1100192142;775716.4
1100099566;2654956.35
1099456550;2011033.9
1099993332;1845944.8
1099122733;1030319.55
1099879598;1795609.95
1100056608;1435955.75
1091754398;592646.595
1100100308;692220.95
1093532236;873870.655
1100202894;1781692.35
1080178040;1013922.81
1100021894;1578549.25
1100209988;1783594.95
1099877858;899736.25
1099701086;4883913
1099601658;2627868
1093439122;517817.11
1095933244;750045
1096875228;1133531.2
1099587996;1237714.35
1099586030;1554041.7
1100064950;1289899.4
1100255524;414642.28
1098209372;479765.385
1096467230;708173.07
1100139696;940941.88
1100258424;5778982.75
1100123538;2694963.9
1095022482;1203779.2
1099527876;1272311.7
1098562588;3561632
1094248032;967563.73
1100216824;476060.065
1100154436;6488107
1086951271;1135839.6
1096047944;1301197.75
1100062282;619970.22
1093260302;1996429.2
1096996814;616683.5
1098857946;358984.06
1095600350;706889.2
1089609633;1145485.55
1099814576;4056886.35
1095644580;629461.9
1094472300;989008.2
1092424406;874174.905
1099289386;2017972.25
1100134416;834392.48
1098170916;872069.3
1100090482;433164.78
1096925720;420930.72
1100121144;1324540.75
1083518348;726701.23
1095955492;1017303.93
1100009404;1377150.4
1099284102;1975670.8
1098031392;522495.51
1099531598;2615405.4
1090658786;404572.26
1099605482;2485543.5
1098874546;5979288.5
1067564480;399503.53
1099893352;2631394
1100260544;1073701.07
1099837500;1170491
1097948138;482485.05
1099112307;696598.92
1099368858;1222881.7
1099945012;2399454.5
1099556092;371639.36
1094514958;1552669.4
1097385424;1214108.8
1094094006;4144924.1
1100196274;617532.07
1093777432;1545642.9
1095290864;406205.575
1099851100;2955937.1
1098694792;993138.43
1093877898;803827.475
1100254166;1674602.85
1098887454;1655760.95
1099058974;4888601.75
1093630826;5160337
1091299204;1075188.025
1099439112;922132.4
1099873652;1421632.7
1086458686;1531605.9
1094483334;1124015.85
1100127316;1150757.7
1096502804;1135882.6
1100167886;3736846.4
1097746520;868249.775
1092481388;616285.73
1098982938;3588530.35
1099998428;2789220
1099677514;1663674.1
1099796608;7308673.75
1096612346;542053.62
1099858660;465101.415
1099082698;1719245.05
1098751538;832203.9
1099480606;765671.4
1100158960;582900.225
1093203950;655175.8
1095363210;915740.7
1083205428;1889536.05
1098923168;1033863.45
1098272206;1210954.4
1098631206;7049757.5
1099952276;1507043
1084925114;1116048.8
1083237408;3075460.85
1098611746;1947356.4
1099115113;1229325.3
1099062676;929860.03
1099904322;3671328.9
1100019990;2901047.9
1099720966;2122320.55
1099510894;1551784
1082895332;1275779.2
1096933280;1291232.35
1100016784;4645994.25
1099722612;1020920.62
1096277217;2748096.25
1099845758;2957651.5
1099131708;965079.9
1099744946;862989.155
1098899068;848396.575
1099193320;1148042.15
1093167974;772163.87
1088961060;712586
1099502730;1748904.1
1095930088;1124031.8
1088514544;864496.2
1098717628;2142769.1
1095694052;1106071.85
1100246092;1063129.53
1099974804;481193.4
1097473366;753991.93
1096770184;3140716.2
1099983842;1215755.85
1099536276;5264305.25
1096973152;1735218.3
1094179380;1045777.73
1090603698;6229399
1097140568;1141409.6
1099719544;3520040.5
1093849328;1352010.25
1098971888;1428729.6
1099702820;663158.43
1099894466;554649.525
1094157460;397417.8
1099848266;957683.6
1094650284;1268273.4
1099664534;1697731.5
1100115424;816547
1096268046;3851520.6
1097961242;708677.57
1100019204;1953538.7
1091053906;1260478.9
1076662420;1021077.82
1099868498;1210857.15
1099334920;1873159.25
1099084612;4963700.25
1094976004;2926614.5
1099081154;1461048.35
1094601658;1376990.75
1076254805;905252.57
1099814666;623582.7
1100114244;3663222.15
1094330538;979475.7
1100011600;3214769.15
1100161174;1047898.75
1099250206;5101010.75
1099815774;2978190.65
1099821446;5425851
1094210384;8102333.5
1095513458;609448.62
1099771130;1510580.4
1094618712;3284458.75
1097102642;608580.9
1095751956;766064.23
1097035470;487612.05
1097304904;1902170.2
1099156710;767518.48
1099072174;536400.35
1099161838;2081893.65
1099346462;979325.845
1099832890;681473.75
1100262718;7625821
1096536592;3275597
1097253758;469918.92
1099346944;747548.15
1100064010;1369343.65
1099340558;1174704.2
1100204728;683739.5
1099971558;1034411.23
1100146022;2051300.85
1098761716;350875.715
1100125238;1286649.45
1097429930;448722.185
1086808682;652548.35
1099991824;3431436.35
1095519168;1139002.35
1099895830;1269115.6
1100062956;2014597.25
1099793426;3112992
1100200044;1762914.1
1099992028;677796
1099369204;1382763.45
1099948914;5133970
1097123534;965836.905
1100177718;1091350.65
1098941976;3612190.5
1100175592;3287510.75
1074592553;956995.12
1099940420;1247990.8
1098371970;1191041.5
1100155258;438602.155
1100154662;1840644
1098840746;1141583.95
1099945242;1197729.15
1099440728;1599203.85
1099071564;1338554.3
1099921538;563138.97
1097936442;703524.15
1100136842;5927498
1098862906;7404084
1100122742;797883.68
1096273501;1539715.35
1096768852;2874253.15
1099599146;5473096.25
1099626220;357354.75
1099171482;1368921.6
1100170466;4204535.4
1092562058;788352.825
1097187776;865164.575
1099959044;794900.28
1097926608;373696.27
1098889636;1219148.4
1086107692;772704.37
1096185300;823036.8
1097050908;479299.075
1094902200;1052629.7
1096755404;943568.35
1086926749;584050.62
1094606836;2050611.35
1096072470;508315.09
1099646036;967812.475
1099901934;3588800.5
1100095036;4332453.5
1094730630;1187940.15
1098936942;2128855.7
1095172218;1037717.1
1100010322;1791996.9
1099934669;935861
1098708426;8224649.25
1098749692;1787154.6
1099414488;1066369.95
1099277058;2854986.35
1098773964;1412348.75
1098835932;1017560.425
1099834690;1064390.7
